l a b o u t   u n i o n s   k n o w   h o w   t o   o r g a n i s  z e                              r   u n i o n s   k n o w   k  h o w   t o   o r g a n i z e,38.46280380000002
w e a r   a   c r o w n   w i t h   m a n y   j e w e l s,10.089925900000026
p l e a s e   f o l l o w   t h e   g u i d e l i n e s,7.47043960000002
a n   i n j u s t i c e   i s   c o m m i t e   t t e d   e v e r y   d a y,12.723463900000013
s i t   a t   t h e   f r o n t   o f   t h e   b u s,8.561274000000026
j u s t   l i k e   i t   s t a y s   o n   t h e   c a n                a y s   o n   t h e   c a n,21.351910599999997
t r a v e l   a t   t h e   s p e e d   o f   l i g h t,7.50792279999996
b e a u t i f u l   p a i n t i n g s   i n   t h e   g a l l e r y,10.760319900000013
e f f o r t   i s   w h a t   i t   w i l l   t a k e,17.867431400000044
t h e   k i d s   a r e   v e r y   e x c i t e d,10.168497099999968
