c o n s w q   q u e n c e s   l  o f   a   w r o n g   t u e n   r n                        w 	 u  c o n s e q u e n c e s   o f   a a    w r o n g   t u r n,48.53022969999995
a l l   t o g e t h e r   i n   o n e   b i g   p i l e,15.066497299999924
o n l u  y   a n   i d o  i o t   w o u l d   l i e   i n   c o u r t,17.095920099999944
t e h   h e   c a t   h a s   a   p l e a s a n t   t e m p e r a m e n t,16.037159299999985
q  w e e p i n g   w i l l o w s   a r e   f o u n d   n e a r   w a t e r,16.41463299999998
n o t h u  i n g   f i n e r   t h e  a n   d i s c o v e r i n g   a   t e a s u r e       r e a s u r e,23.88328630000001
m y   w a t c h   f e l l   i n   t h e   w a t e r,9.31913709999992
s p r a w ; i n h     l i n g   s u b d i v i s o n   i o n s   a r e   b a d,20.86823770000001
h e   p l  Y E D     a y e d   a   p i m p   i n   t h a t   m o v i e,13.946895799999993
t h i s   l e a t h e r   j a c k e t   i s   t o o   w a r m,14.367917900000066
