a   v e r y   t r a d i t i o n a l   w a y   t o   d e w   r e s s,13.832912599999986
w e   b e t t e r   i n v s  e s t i g a t e   t h i s,12.285414199999991
p r e s i d e n t s   d r i v e   e x p e n c  s i v e   c a r s,13.721819499999924
s t a y i n g   u p   a l l   n i g h t   i s   a   b a d   i d e a,10.945972200000028
e l e c t o n s     t i o n s   b r i n g   o u t   t h e   b e s t,12.665013599999952
 F e b r u a r y   h a s   a n   e x t r a   d a y,12.609448100000009
d i s  n a  o s a u r s   h a v e   b e e n   e x t i n c t   f o r   a g e s,15.565511199999946
t h e   s u m   o f   h  t h e   p a r t s,6.773537399999896
b a t m a n   w e a r s   a   c a p e,7.70759709999993
d o   b o   n o t   l i e   i n   c o u r t   o r   e l s e,10.36763469999994
