m y   b a n k   a c c o u n t   i s   o v e r d r a w n,9.639368699999977
a n   o c c a s i o n a l   t a s t e   o f   c h o c o l a t e,10.4788001
o u r   s i v  l v e r   a n n i v e r s a y  r y   i s   c o m i n g   ,10.950754099999983
d o   n o t   w a l k   t o o   q u i c k l y,6.7957558999999605
t h e   f o r c e   i s   w i t h   y o u,5.075164500000028
m e e t   m  t o m o r r o w   i n   t h e   l a v o r   a t o r y,10.910091099999988
t h e   c h a n c e l l o w   w    r   w a s   v e r y   b o r i n g,8.312436699999978
w a n t   t o   j o i n   u s   f o r   l u n c h,5.8202358000000345
p r e v a i l i n g   w i n d   f o m r   t h e        r o m   t h e   e a s t,9.768473900000004
c o r r e c t   y o u r   d i c t i o n   i m m e d i a t e l y,8.033714299999986
