e v e r y    S a t u r d a y   h e   f o l d s   t h e   l a u n d r y,18.223321099999964
t h a t   s t i c k e r   n e e d s   t o   b e   v a l i d a t e d,18.199940300000037
t h e   d a r l i n g   y o u n g   m a b n   n               i n g   y o u n g   m a n,23.946442100000013
y o u   m u s t   m a k e   a n   a p p o i n t m e n t,8.224707599999988
b a n c  k   t r a n s a c t i o n   w a s   n o t   r e g i s t e r e d,12.634399900000005
h o u s e   w i t h   n e   w      e   w    e  w   w  e l e c t r i c a l   p a n e l,12.085651900000016
p r e m a   p a e r   r e   f o r   t h e   e x a m   i n   a d v a n c e,8.842591299999981
q w   w e   m u s t   r e d o u b l e   o u t  r   e f f o r t y  s,9.459140200000036
n o   k i s s i n g   i n   t h e   l i b r a r y,6.455334300000004
w e l l   c o n n e c t e d   w i t h   p e o p l e,7.0510858999999755
