l i m i t e d   w a r r e b  b  n t y   o f   t w o   y e a r    s                     a n t y   o f   t w o   y e a r s,42.48727660000003
i t   i s   w i n d y   t o d a t  y               v e r y   w i n d y   t o d a y,22.748778300000026
i t   s h o u l d   b e   s u  n n y   t o m m o    m o r r o w              s u n n y   t o m o r r o w,24.7290615
t h w  e s e   c o o k i w s     e   e s   a r e   s     s o   a m  a m   m a z i n g,17.913967099999923
i   c     I   c n  a n n o t   b e l i e v e    I   a t e   t h e   w h i  o l e   t h i n g   ,20.090709199999992
 M a r y   h a d   a   l i t t l e   l a m b,9.458776100000023
s a n t a   c a l   k  l a u s   g o t   s t u c k,11.972105000000056
t r y   t    i  o   e n j i o   o y   y o u r   m a t e r n  n i t y   l e a v e,17.42603900000006
f a l l   i s   m u  y   f a v o r i t e   s e a s o n,11.801351400000044
i f   a t   f i r s t   y o u   d o   n o t   s u c c e e d,11.416859900000077
