l a b o u t   m    r   u n i o n s   k n o w   h o w   t o   o r g a n i z e,11.3208525
t h a t   i s   a   v e r y   n a s t y   c u t,5.762892600000015
 V a l i u m   i n   t h e   e c o n o m y   s i z e,10.3216271
a   p s y c h i a t r i s t   w i l l   h e l p   y o u,11.714669199999975
p r e p a r e   t o          l w  e a s e   f o l l o w   t h e   g u i d e l i n e s,11.394944699999996
l o v e   m e a n s   m a n y   t h i n g s,5.561221199999977
t h e   p e n   i s   s  m i g h t e  i e r   t h a n   t h e   s w o r d,10.957288799999986
p r a y e r   i n   s c h o o l s   o f f e n d s   s o m e,8.215279500000008
p r e s c r i p t i o n   d r u f  g s   r e q u i r e   a   n o r e   t e,11.056577600000026
c a n    I   s k a t e   w i t h   s i s t e r   r  t o d a y  ? ,12.11877149999998
