 t h e   l i b r a r y   i s   c l o s e d   t o d a y,6.1983879
t h e   k i d s   a r e   v e r y   s  e x c   x c i t e d,8.5525728
d r o v e   m y   c h e v y   t o   t h e l    l e v e e,7.129954
m y   p r e f e r r e d   t r e a t   i s   c h o c o l a t e,8.1242895
a   b i g   s c r a t c h   o n   t h e   t a b l e t o b  p,7.7226645
p u m p i n g   h e l p s   i f   t h e   r o a d s   a r e   s l i p p e r y,10.2267726
m y   w a t c h   f e l l   i n   t h e   w a t e r,7.0676563
t h i s   p e r s o n   i s   a   d i s a s t e r,5.348245
i f   d i p l o m a c y   d o e s   n o r t      t   w o r k,6.9986306
n o   k i s s i n g   i   t     t   n   t h e   l i b r a r y   y,10.2006853
