i   l i k e         I    l i k e   b a r o q u e   a n d   c l a s s i c    a l   m u s i c,23.087627099999963
a r e   y o u   s u r e   y o u   w a n t   t h u  i s,11.832771200000025
f o r   y o u r   i n f o r m a t i o n   o n l y,11.238327799999979
h e   i s   j u s t   l i w  k w   w  e v e r y o n e   e l s e                e   e v e r y o n e   e l s e,28.62276380000003
t h e   p l u g   d o e s   n o t   f i r     t   t h e   s o c k e t,15.915115199999946
h a v e   a   g o o d   w e e k e n d,8.186200199999917
 F  e b u r   r u a r y   h a s   a n   e x t r a   d a y,14.927246500000024
b a n k   t r a n s   a c t i o n   w a s   n o t   e  r e g i s t e e r #   r   r e d,24.499411099999975
l a b o u r   u n i o n s   k n o w   h o w   t o   o r g a n i z e,14.186092400000007
e v e r y   a p p l e   f r o m   e v e r y   t r e e,10.181061099999965
