h e   c a l l e d   s e c  v e n   r u   t i m e s,14.123649699999987
w e   h a v e   e b o u g h      n o u g h   w i t n e s s e s,15.07739429999998
p r a y e r   i n   s c h o o l s   o f f e n d s   s o m e,12.5085512
t h e   v o t e r s   t u r f e d   h i m   o u t,9.959494800000016
w a n t   t o   j o i n   u s   f o r   l u n c h,7.902490300000011
  i   I    t o o k   t h e   r o v e r   f r o m   t h e   s h i o   o p,13.843622700000026
r g    t h e   f i r e   r a g e d   f o r   a n   e n t i r e   m o n t h,13.306285400000036
t h e   w o r l d   i s   a   s t a g e,7.391333799999984
t h e s e   c o o k i e s   a r e   s o   a m a z i n g,8.986997099999996
o n e   h o u r   i s   a l l o t t e d   f o r   q u e s t i o n s,10.889782199999956
