c a r e l e s s   d r i v i n g   r e s y  u l t s   i n   a   f i e  n e,13.484555699999987
t r a v e l l i n g   t o   c o n f e r e n c e s   i s   f u n                           i n g   t o   c o n f e r e n c e s   i s   f u n,30.079634499999997
u n i v e r s a l l y   u n d e r s t o o d   t o   b e   w r o n g,11.963954700000045
t h i s   w a t c h   i s   t o o   e x p e n s i v e,9.368279499999971
a   g o o d   r e s p o n s e   t o   t h e   q u e s t i o n,10.337230899999895
w e   b e t t e r   i n v e s t i g a r e   t e   t h i s,11.200192000000015
w h e r e   c a n   m y   l i t t l e   d o g   b e,9.639741800000024
n o   e x c h a n g e   w i t h o u t   a   b i l l,9.617436800000064
h e   p l a y e d   a   p i m p   i n   t h a t   m o v i e,10.682017600000108
y o u   m u s t   t a k e   a = =         m a k e   a n   a p p o i n t m e n t,15.691000800000097
