t h e s e   c o o k i e a    E W   A O    m            A  S   s   a r e   s o   a m a z i n g,20.834245399999986
t h e   c h i l d r e n   a r e   p l a y i n g,7.177137399999992
t a k e   i t   t o   t h e   r e c y c l i n g   d e p o t,6.7661269000000175
v i d e o   c a m e r a   w i t h   a   z o o m   l e n s,8.044814100000053
g o o d   a t   a d d i t i o n   a n d   s u b t r a c t i o n,8.484839800000032
d o l p h i n e  s   l e a d  p   h i g h   o u t   o f   t h e   w a t e r,17.096748899999966
w e   m u s t   r e d o u b l e   o u t   e f f o       r   e f f o r t s,10.432157200000006
s a l e s m e n   m u s t   m a k e   t h e i r   m o n t h l y   q u o t a,9.77568610000003
c a r e l e s s   d r i v i n g   r e s u l t s   i n   a   f i n e,8.383387599999992
s e a s o n e d   g o l f e r s   l o v e   t h e   g a m e,7.49367970000003
