 I   s k i m m w s   e d   r h e o u g f        t h r o u g h   y o u e  r   p r o p o a  s a l   ,20.6574606
w e   p a r k   i n   d r i v e w a y s   s,11.5985071
t h e   o  c o r o n a t i o n   w a s   v b  e r y   e x c i t i n g,9.94778
r = t h      t h e   m u s i c   i s   b e t t e r   t h a n   i t   s o u n d s,10.7499809
t h e   a c c e p t a n c e   s p e e c h   w a s   p  b o r i n g  g,9.1323166
k e e p   r e  e c i p  e p   p t s        r i p t s         e i p t r  s   f o r   a l l   y o u e r      r   e x p e r  n s e s,24.0890438
h e   w a t c h  h e d   i n   a s t o n i s h m e n t,8.5446675
m y   v      B  n k      b a n k   a c o  c o u n t   i s   o v e r d r a w n   n,16.9917277
 L y s i     l y d i a   w a n t s   t o   g o   h o m e    e  m e,17.2122827
k n e e   b o n e   i s   c o n n e c t e d   t o   t h e   t h i g h   b o n e,10.4210663
