y o u   q  w i l l   l l  o o a w  =   s e   y o u r   v o i c e,16.40215699999999
q u i c k   r  t h e r e   i s   s o m e t h i n g   k n o c k i n g                          e r e   i s   s o m e o n e   k n o c k i n g,25.427498000000014
s h i v e r i n g   i s   o n e   w a y   t o   k e e p   w a r m,11.222325299999966
s t a r l i g h t   a n d   d e w r o p    d r o p,14.17565639999998
a   q u a r t e r   o f   a   c e n t u r y,10.916143599999998
i t   i s   v e r y   w i n d y   s e   t o d a y,13.222280100000035
h a n d s   o n   e x p e r i e n c e   w i t h   a   j o b,8.660799699999984
q u i t   w h i l e   y o    u   a r e   a h e a d,9.19736389999997
a   p i c t u r e   i s   o  w o r t h   n a   m a n y   q o  q   q o   w i  o r d s,13.487524199999996
y o u   r  p r e s e n t a t i n   i o n   w a s   i n i n   s p i r i n g                             u r   p r e s e n t a t i o n   w a s   i n s p r  i r i n g,26.215193200000044
